{
  "parent": "minecraft:item/generated",
  "textures": {
    "layer0": "minecraft:item/paper"
  },
  "overrides": [
    {"predicate": {"custom_model_data": 719001}, "model": "minecraft:item/kubeshop/coin_1"},
    {"predicate": {"custom_model_data": 719010}, "model": "minecraft:item/kubeshop/coin_10"},
    {"predicate": {"custom_model_data": 719100}, "model": "minecraft:item/kubeshop/coin_100"},
    {"predicate": {"custom_model_data": 719999}, "model": "minecraft:item/kubeshop/coin_1000"},
    {"predicate": {"custom_model_data": 710000}, "model": "minecraft:item/kubeshop/coin_10000"}
  ]
}
